english,francais
try,essai
base,base
national,sujet
evaluations,évaluation
hygiene,hygiène
distortions,déformation
compatible,compatible
await,attendre
United,s’unir
emphasised,souligner
incorporated,incorporer
1,10
build,appuyer
hunting,chasse
tabling,différer
prospect,perspective
film,film
stepped,mesurer
year,an
circumstance,cas
effect,cause
depend,dépendre
February,février
accepted,accepter
minimal,minimal
harmful,dangereux
structural,structurel
capitulation,capitulation
dissemination,diffusion
meagre,avare
needing,demander
interchange,échangeur
agrees,être_d'accord
lawyers,avocat
Authority,autorité
Research,recherche
India,Hyderabad
included,comporter
danger,danger
Nevertheless,cependant
accuse,accuser
provider,fournisseur
forming,administrer
appointed,appeler
citizens,citoyen
feeling,émotion
London,Grand_Londres
Reform,réforme
chapters,chapitre
misleading,égarer
Chamber,caisson
country,contrée
mix,bouquet
initial,initiale
presents,présent
oarsmen,avironneur
shamed,déshonneur
familiar,familier
supervising,supervision
prove,révéler
characterised,caractériser
lessons,leçon
inquiry,enquête
logic,logique
reinforces,armer
handled,diriger
ratified,infirmer
progress,amélioration
including,comporter
soon,bientôt
day,jour
Hence,ainsi
alike,pareil
emphasising,souligner
secrets,secret
befallen,tomber
suit,complet
unanimously,unanimement
Surely,absolument
zoning,zonage
chance,chance
thought,idée
proceedings,procédure
abolition,abolissement
dropping,causer
synergy,synergie
reserves,milice
difficulty,difficulté
colleague,collègue
finalised,achever
satellite,lune
livelihood,gagne-pain
spontaneously,spontanément
cooperate,collaborer
simultaneously,simultanément
intention,but
rank,rang
specific,particulier
gladly,heureusement
cows,bétail
reiterated,redire
misunderstandings,contresens
enforce,appliquer
shipbuilding,construction_navale
Moreover,de_plus
billions,bill
corrective,correcteur
weeks,semaine
champion,champion
Union,enterprise_union
ineffective,inutile
cultural,culturel
inspection,contrôle
Judging,arrêt
schedule,calendrier
Goods,bon
units,unité
significantly,fortement
break,interruption
brake,frein
rejections,refus
wanting,désirer
amending,amender
Member,membre
exploiting,exploiter
contrary,contradictoire
backed,accoter
commandment,commandement
penalised,pénaliser
FBI,Bureau_fédéral_d'investigation
ensuring,assurer
well,puits
appearance,apparence
numbers,Dunkeld
crust,croûte
predecessors,précédent
wherever,d'où
committed,commettre
persistence,continuité
expiry,échéance
symbol,symbole
somewhat,assez
entailed,comporter
Maritime,marin
Situation,situation
jobs,emploi
took,faire
equitably,équitablement
fleet,flotte
falters,barguigner
affords,être_en_mesure_de
Seven,10
inspections,contrôle
Korea,Corée
troubles,difficulté
politicians,homme_politique
consumers,consommateur
truth,réalité
tab,addition
Italy,Acquarossa
unbelievable,incroyable
sort,forme
near,approcher
Increased,accroître
sludge,lie
me,aidez
coinciding,coïncider
Europol,Europol
qualified,qualifier
consolidating,consolider
Rural,rural
access,abord
elections,élection
congress,congrès
extents,mesure
showed,exposer
shortcomings,défaut
compensation,compensation
Life,existence
flying,vol
ships,bateau
bucket,bac
delay,attendre
steel,acier
methodological,méthodologique
were,être
Plimsoll,Plimsoll
absolute,absolu
multiplication,génération
quick,rapide
disappear,disparaître
reference,mentionner
allocations,affectation
purchase,achat
mentioning,appeler
cultures,civilisation
broader,ample
likely,probable
suspects,soupçon
major,majeur
appeared,avoir_l’air_de
drawn,tirer
electronic,électronique
recognise,reconnaître
submitted,compléter
Storms,orage
certificates,attestation
Rights,droit
city,métropole
growth,croissance
unavailable,indisponible
liberals,libéral
rainfall,pleuvoir
appropriate,adapter
moment,instant
represents,correspondre
provided,fournir
peak,crête
80,huitante
cartels,cartel
optimism,optimisme
peripheral,périphérique
fifths,cinquième
red,bureaucratie
phased,phase
vote,élire
retaining,retenir
Still,encore
27,vingt-sept
marketing,marchandisage
manager,administrateur
reactors,réacteur
literary,littéraire
practical,pratique
alliances,alliance
tree,arbre
local,local
block,bloc
medical,examen_médical
add,ADD
natural,naturel
hidden,cacher
deserves,mérite
exchanged,changer
pillar,pilier
being,être
desirable,désirable
soundly,son
worth,valeur
length,longueur
reply,conséquence
stipulating,condition
having,avoir
urbanisation,urbanisation
perfect,parfait
united,s’unir
present,présent
declaration,déclaration
excluding,englober
Morgan,Morgane
arena,aire
raising,ascenseur
offered,offrir
avalanche,avalanche
structured,structure
gave,donner
grand,chiliade
technology,ingénierie
missing,mademoiselle
unpublished,inédit
sport,sport
manages,gérer
compete,concourir
inappropriately,défectueusement
unlikely,improbable
operate,courir
reinforce,armer
dangers,danger
imposed,exécuter
suspect,soupçon
fight,bataille
ultimately,à_la_fin
actions,action
explored,chercher
gentlemen,collègue
Social,sociable
top,haut
posed,constituer
investigated,enquêter
debates,argument
relevant,pertinent
powerful,puissant
enabling,activer
contemplating,plancher
request,demande
therefore,ainsi
National,sujet
Cohesion,cohérence
Net,cyberespace
evaluation,évaluation
ground,sol
aggravates,empirer
toothless,édenté
Wales,Cambrie
text,texte
earmarked,adapter
promoting,améliorer
owns,avoir
chains,chaîne
Safety,sécurité
divided,diviser
absolutely,absolument
November,Nicolas
noted,apercevoir
tribute,tribut
storms,orage
fields,W._C._Fields
tan,bronzer
convince,abattre
Brussels,Bruxelles
Most,maintenant
features,caractéristique
recruit,embauche
met,atteindre
Nonetheless,cependant
tune,air
necessarily,absolument
No,non
future,avenir
favourable,favorable
scrutiny,contrôle
thrust,poussée
bases,base
endorsed,accoter
likewise,pareillement
blue,bleu
except,sauf
restricted,abréger
stolen,voler
regularly,assidûment
confirmation,confirmation
crisis,crise
sustainable,durable
communications,théorie_de_la_communication
By,auparavant
drafted,brouillon
tightened,attacher
bring,amener
information,info
legal,légal
differently,autrement
lives,existence
rate,cadence
experience,expérience
switch,interrupteur
idea,idée
metres,m
predominates,dominer
introduce,cadeau
ways,slip
completed,achever
harmonisation,harmonisation
survive,accommoder
scenario,scénario
aim,but
below,dessous
disjunction,disjonction
received,avoir
flooded,déluge
rail,garde-corps
Regions,partie
extraordinarily,exceptionnellement
consensus,consensus
none,aucun
argument,argument
resolved,décider
allocated,adjuger
exact,demander
missed,mademoiselle
tempted,tenter
allowed,laisser
preferably,assez
slightly,assez
Extradition,extradition
infringements,infraction
sanctions,approuver
finished,achever
bodies,corps
procedural,procédural
invited,inviter
mainly,essentiellement
factory,atelier
advocated,préconiser
respecting,apprécier
sincerely,sincèrement
Patten,geta
distortion,déformation
plans,plan
relatives,parent
lacking,manquer
Bordeaux,Bordeaux
Haven,abri
accident,accident
Too,abusivement
freighter,navire_marchand
transitive,transitivité
positively,favorablement
statements,déclaration
Then,alors
reviews,réévaluation
useful,utile
Gulf,golfe
sourced,source
achieves,aboutir
comments,commentaire
goals,but
avoided,éviter
iron,FE
generate,engendrer
terror,effroi
Guarantee,garantie
oblige,contraindre
project,entreprise
expenditure,dépense
Human,être_humain
taxation,impôt
fact,fait
Ladies,dame
regions,partie
Concerning,appartenir
shores,côte
quote,citer
feel,penser
reasoned,conclure
played,jouer
East,est
methods,méthode
saved,alléger
legitimising,légaliser
Consumer,consommateur
somebody,être_humain
unfortunate,infortuné
dreaded,craindre
constraints,contrainte
perplexed,abasourdir
while,bien_que
humanity,humanité
twice,deux
Chair,chaise
Permit,autorisation
restraint,restriction
radically,fondamentalement
modernised,développer
generated,engendrer
speaking,parler
Needless,aiguille
ambition,ambition
Due,cause
Colleagues,collègue
Internet,cyberespace
puts,mettre
Unfortunately,fâcheusement
fears,crainte
humility,humilité
dams,barrage
quantities,mesure
broke,casser
undertakes,assumer
schools,école
renovation,rénovation
replaced,remplacer
punishment,châtiment
tracts,parcelle
rejected,refuser
authorising,autoriser
rap,faute
Group,ensemble
consulted,consulter
preventive,préventif
functioning,fonctionnement
options,choix
touched,toucher
Belgium,Belgique
producers,constructeur
users,usager
questionnaire,enquête
promote,améliorer
field,champ
precedence,préséance
ally,allié
awarded,accorder
allows,laisser
Ninety,nonante
level,degré
Framework,cadre
burden,charge
owner,patron
punches,coup
tools,instrument
difference,différence
anticipate,anticiper
population,population
unthinkable,impensable
devastating,dévaster
programming,programmation
rest,équilibre
horror,aversion
shrugging,hausser_les_épaules
market,marché
delegating,délégation
land,terrain
seven,10
Pollution,pollution
prolongs,prolonger
stronger,fort
Canadian,canadien
inequitably,injustement
relevance,à-propos
harnessed,atteler
tell,Guillaume_Tell
strategies,projet
ninth,neuvième
permitting,autoriser
deaths,décès
standardisation,normalisation
indications,indication
temperature,température
closed,fermer
arising,apparaître
vehicles,véhicule
pays,gaine
Quakers,quaker
forcing,contraindre
depth,profondeur
envisage,contempler
rural,rural
unprecedented,inouï
awaiting,attendre
compromised,compromis
France,Brest
generations,génération
department,département
threaten,compromettre
examined,analyser
Did,aller
mergers,amalgamation
lawyer,avocat
ministers,curé
wished,souhaiter
warfare,guerre
show,démonstration
dialogue,dialogue
illustrate,causer
Delays,attendre
protection,protection
Minister,curé
Office,bureau
animal,animal
tension,pression
integration,déségrégation
consultations,audience
According,correspondre
bomb,bombardement
assess,cul
hindrance,dissuasif
reminded,rappeler
president,président
says,bouche
resisting,refuser
refusing,refuser
monetary,monétaire
recommends,préconiser
Holiness,sainteté
wondered,se_demander
aptitude,adresse
reflect,correspondre
US,Amérique
Mr,M.
conference,conférence
Though,même
fulfilment,concrétisation
justice,justice
powerless,faible
negligence,incurie
geography,géographie
clock,horloge
Goebbels,Goebbels
shopkeepers,commerçant
favoured,faveur
clarity,clarté
property,avoir
filed,déposer
regarding,considérer
stagnation,pot_au_noir
underground,résistance
feasibility,faisabilité
ban,défense
justifying,justifier
create,créer
acknowledgement,reconnaissance
Natural,naturel
fairly,assez
Compensation,compensation
Southwest,Éther_de_glycol
roofs,toit
ended,achever
shadow,ombre
society,société
contested,concours
exported,exportation
main,essentiel
Helsinki,Cathédrale_Ouspenski
criticisms,critique
uniting,amalgamation
applies,servir
models,cadre
Petroleum,pétrole
upholding,confirmer
liked,aimer
inspired,animer
differs,différer
industrial,industriel
telephones,téléphone
probity,probité
fell,cacher
Friday,piątek
impact,impact
fine,amende
absent,absent
card,carte
facilities,installation
sovereign,monarque
trail,empreinte
VOTE,élire
saying,dicton
legally,juridiquement
conversion,conversion
released,abandonner
Chinese,chinois
reached,aboutir
scope,ampleur
thesis,thèse
coordinating,administrer
reconsider,reconsidérer
hinders,empêcher
wallet,portefeuille
Councils,conseil
privileged,faveur
exaggerated,agrandir
accelerated,accélérer
Committee,comité
attaches,attaché
livelihoods,gagne-pain
Sadly,malheureusement
fatigue,abattement
convey,communiquer
taxes,impôt
applications,application
totalling,s'élever
positions,place
employ,chômage
Two,1
academics,académicien
jurists,juriste
arise,apparaître
answered,confronter
deadlines,date
disappeared,disparaître
Brazil,Altamira
know-how,savoir-faire
banned,caviarder
climatic,climatique
record,enregistrement
supports,aide
impose,exécuter
betokens,indiquer
example,exemple
Does,énergie
16,seize
earned,comprendre
varying,changer
tended,avoir_tendance_à
Depleted,arroser
ignore,bouder
give,donner
punishing,pénaliser
meteoric,météorologique
decade,décennie
marker,marqueur
believed,croire
Lithuania,Lituanie
fulfil,aboutir
Teutonic,germain
expressing,exprimer
excluded,englober
Tourism,tourisme
In,pouce
Dangerous,dangereux
fail,dédaigner
worry,ennui
inappropriate,inapproprié
alter,changer
finalising,achever
integrated,incorporer
say,bouche
less,Le
invitation,invitation
range,ampleur
figures,figue
relate,associer
encouraging,améliorer
activities,activité
amounts,montant
distribution,distribution
delegation,commission
formally,formellement
Control,commande
described,décrire
transfers,transport
find,découvert
deepest,profond
rigour,austérité
repealed,abolir
mountains,mont
Much,beaucoup
enter,entrer
interpreters,interprète
exclusive,exclusif
South,Sud
ratifying,infirmer
sustains,actualiser
educational,éducatif
possibility,éventualité
dates,date
periodic,périodique
proved,révéler
answers,conséquence
calls,appel
reiterate,redire
electricity,électricité
lightly,légèrement
security,sécurité
legislator,législateur
absence,absence
shoulders,épaule
Current,actuel
responsible,responsable
author,auteur
situations,situation
levy,impôt
instance,cas
payments,paiement
influential,influent
today,actuellement
anonymous,anonyme
realised,comprendre
hypothesis,hypothèse
kilos,k
transpired,transpirer
imports,importation
Amendments,amendement
inevitable,inéluctable
regarded,considérer
courses,classe
solved,cerner
ambitious,ambitieux
excellence,excellence
sufficient,bon
visible,visible
denominator,dénominateur
9,10
towns,cité
demands,demande
Castro,Castro
successfully,efficacement
covered,couvrir
media,medium
grave,charnier
fruits,fruit
guide,guide
behind,cul
no,non
coherence,cohérence
operational,opérationnel
dished,servir
retain,retenir
learning,acquisition
ensure,assurer
interests,intérêt
guaranteeing,assurer
badly,gravement
way,façon
interest,intérêt
Auditors,auditeur
None,aucun
pas,pas
Envoy,émissaire
hour,heure
increased,accroître
Do,faire
negotiation,dialogue
constituencies,circonscription
spirit,esprit
maximum,maximum
Wise,raisonnable
connection,connexion
article,article
balanced,équilibre
easy,facile
incorrect,incorrect
fun,plaisir
intensifying,augmenter
join,articulation
apparently,apparemment
ABC,-520
relates,associer
sail,voile
redressing,compenser
exchanging,changer
divert,détourner
subordinate,inférieur
enlarging,agrandir
traditional,traditionnel
route,chemin
control,commande
critical,critique
urging,aiguillonner
drove,troupeau
disadvantaged,défavoriser
sources,début
distances,distance
loss,perte
faster,jeûner
bound,bord
globalisation,globalisation
success,réussite
declared,déclarer
really,réellement
Agenda,calendrier
contributing,ajouter
harmonises,correspondre
slicks,glissant
Unlike,différent
pretensions,prétention
Allow,laisser
radiation,radiation
go,aller
expect,anticiper
tougher,difficile
labour,accouchement
gone,aller
undertaken,assumer
perimeter,frontière
rulers,dirigeant
sorts,forme
pertaining,appartenir
studies,étude
coastline,rive
minor,bambin
Uniformity,uniformisation
incapable,incapable
Robert,Robert
loose,délivrer
Monetary,monétaire
compelled,contraindre
going,départ
handling,gestion
exit,issue
destroys,détruire
emissions,émanation
NGOs,ONG
distort,déformer
travel,voyage
funds,fonds
doubts,doute
accommodation,accommodation
formal,bal
eighteen,dix-huit
dwellers,habitant
opportunities,chance
dilemma,dilemme
first,premier
guillemots,guillemot
intervention,intervention
partially,en_partie
faces,face
carried,porter
validity,austérité
confused,confondre
Adriatic,la_mer_Adriatique
attention,attention
equip,équiper
commission,comité
competence,adresse
theoretically,théoriquement
estimate,approximation
appealing,recourir
CO2,anhydride_carbonique
vehicle,véhicule
advertising,annonce
explicitly,explicitement
steelworks,aciérie
compilation,choix
invest,injecter
personally,personnellement
happy,heureux
treatment,traitement
holds,embrayage
improperly,abusivement
delighted,s'il_te_plaît
compromise,compromis
establish,établir
designed,concevoir
routes,chemin
Scotland,Écosse
accepts,accepter
industries,industrie
revision,révision
Budgets,budget
mete,frontière
adaptation,adaptation
tunnel,galerie
deriving,dérivation_lexicale
industrialists,industriel
military,armée
involving,affecter
fiscal,financier
distorts,déformer
member,membre
accord,accord
frontiers,frontière
misapprehension,erreur
identifies,identifier
one,10
implemented,appliquer
environmentalists,écologiste
fill,pourvu
evocation,évocation
capitalist,capitaliste
message,message
convincing,abattre
Issues,problème
environmental,environnemental
competition,concurrence
measure,étape
amount,montant
benefiting,bénéficier
verification,confirmation
annexes,aile
necessary,besoin
sets,ensemble
USA,Amérique
eliminating,de
sentiments,sentiment
disagreement,désaccord
heading,en-tête
scientific,scientifique
instruments,instrument
Section,partie
protects,assurer
prohibitions,défense
emphasis,accent
symptoms,symptôme
meet,face
outlines,contour
advance,avance
overcome,avoir_raison_de
been,être
speaker,haut-parleur
redistribution,redistribution
properly,adéquatement
appear,avoir_l’air_de
starting,commencer
reject,abattage
mandate,autorisation
Things,affaire
stuff,matériau
come,éjaculer
totally,bien
Wrongly,mal
vacuums,aspirateur
conceded,admettre
pacts,accommodement
drill,perceuse
steer,conduire
apologise,excuser
aborted,abandonner
must,devoir
trade,commerce
closures,fermeture
Buddhist,bouddhiste
8,10
deliver,cadeau
World,cosmos
periphery,périphérie
skirting,canard
path,chemin
health,bien-être
unsatisfactory,insatisfaisant
impression,avis
advice,avis
differences,différence
depleted,arroser
permit,autorisation
Food,aliment
upshot,cause
happens,arriver
outraged,choquer
far,FAR
predictable,prévisible
taking,prise
drastically,extrêmement
law,droit
worthy,devoir
yet,encore
interim,décalage
conveyed,communiquer
welcomed,bienvenu
force,force
improve,améliorer
instead,au_lieu_de
evolution,développement
Berlin,Berlin
26,vingt-six
substitute,remplaçant
companies,compagnie
100,100
impetus,impulsion
Even,soir
allocate,adjuger
Creating,créer
ripple,ondelette
consistency,cohérence
or,Beaverton
make,marque
Further,élever
criticises,critiquer
sink,évier
indicator,index
reach,portée
supposed,dire
Establishing,établir
discussions,débat
Workers,ouvrier
incentives,incitation
Tunnel,galerie
rapporteurs,rapporteur
power,force
pronouncements,déclaration
fast,jeûne
reassure,assurer
Works,fabrique
Applause,acclamer
removed,enlever
criteria,référence
SEC,s
scale,écaille
submit,compléter
defender,défenseur
originated,apparaître
abstained,abstenir
pronounced,articuler
opened,ouvrir
relation,rapport
Dropping,causer
pilloried,gibet
corruption,corruption
richer,riche
coast,côte
flavourings,aromate
prevents,empêcher
exercises,exercice
Relating,associer
minutes,compte_rendu
proof,preuve
convinced,abattre
hell,enfer
provision,condition
peace,paix
out,attention
contributions,action
though,même
letter,lettre
attentive,attentif
Subsidies,subside
Rotterdam,Rotterdam
bit,bit
monitor,moniteur
simpler,facile
diverted,détourner
grip,embrayage
inertia,inactivité
crosses,crosse
Personally,personnellement
systems,dispositif
18,dix-huit
allocation,affectation
expire,périmer
deals,commerce
wonder,admiration
assume,présumer
component,composant
excessively,abusivement
generation,génération
esteemed,apprécier
stopped,arrêter
grew,devenir
Flags,étendard
easily,facile
modified,adapter
Orders,ordre
exacerbates,empirer
moments,instant
Part,élément
Past,passé
complicated,compliquer
adopting,adopter
last,conclusion
reduction,abaissement
compiled,accumuler
Reunion,regroupement
continue,continuer
elected,choisir
fair,carnaval
advocate,avocat
firms,entreprise
before,antérieurement
elimination,élimination
ill,infirmité
explosions,détonation
disciplined,condition
overall,ensemble
stocks,giroflées
assistance,aide
ecosystem,écosystème
Committees,comité
caused,causer
input,intrant
tying,fixation
7,10
went,aller
Luxembourg,Grand-Duché_de_Luxembourg
age,âge
protectionism,protectionnisme
significance,importance
reliable,fiable
Fraud,escroquerie
draw,dessiner
overcoming,avoir_raison_de
Radical,groupe
visit,rendre_visite
centrally,centralement
participate,impliquer
imperative,impératif
Council,conseil
demonstrated,exposer
assessed,apprécier
devolution,décentralisation
cleaned,nettoyer
morning,avant-midi
consists,appartenir
siting,bâtir
moderate,modérateur
dispute,conflit
undefined,indéfini
judgements,arrêt
Force,force
survival,endurance
constructing,assembler
balances,équilibre
activity,activité
geopolitical,géopolitique
interfaces,interface
clarified,clarifier
3,10
thoroughly,exhaustivement
grant,subvention
Spencer,spencer
joint,articulation
collection,agrégation
yesterday,hier
demand,demande
Court,cour
decision,conclusion
Question,question
Effective,effectif
circumstances,chance
new,autre
passion,Passion
refused,refuser
seeks,chercher
changing,changer
sums,montant
charter,charte
Ends,bout
lasting,continuer
migration,migration
wholeheartedly,de_tout_cœur
Minutes,compte_rendu
rules,gouvernement
promising,assurer
largest,grand
root,racine
achieved,aboutir
sorry,mal
please,s'il_te_plaît
lag,ralentissement
underline,évidence
Certainly,absolument
modest,modeste
technologies,ingénierie
Britain,Britain
Lorraine,Lorraine
variety,assortiment
accessible,abordable
aborting,abandonner
develop,développer
more,More
teeth,dent
step,étape
legislature,corps_législatif
wage,gaine
derogations,amortissement
inspire,animer
uncertainties,aléa
abolish,abolir
winds,vent
granting,accorder
solid,solide
preferring,aimer_mieux
detail,détail
proceeding,procédure
regulating,réglementation
polluting,contaminer
side,côté
vacuum,aspirateur
especially,exceptionnellement
fifth,cinquième
proceed,arriver
reflected,correspondre
suffering,agonie
secular,laïc
house,maison
House,maison
preference,goût
constituency,circonscription
amend,amender
buildings,bâtiment
structurally,structurellement
advances,avance
remembered,penser
believes,conviction
chapter,chapitre
Royal,royal
bureaucratic,bureaucratique
take,commission
euro,euro
One,10
nations,contrée
birds,oiseau
rationing,rationnement
buy,accord
Margarine,margarine
normal,formule
proportions,proportion
continental,continental
barrier,barrière
decided,décider
stimulating,exciter
authority,autorité
entirely,bien
check,chèque
s,s
pieces,morceau
people,gens
size,calibre
spent,occuper
prison,prison
economy,activité_économique
comparison,comparaison
Reconciliation,rapprochement
deprive,priver
processes,procédure
drop,perle
State,état
paragraph,alinéa
States,état
aggregated,agrégat
Projects,entreprise
damage,dégât
worked,faire
grants,subvention
regimes,gouvernement
constantly,toujours
logically,logiquement
obligation,devoir
plays,drame
committees,comité
Austrian,Autrichien
morals,éthique
forget,oublier
publishes,carrer
impoverished,appauvrir
So,sol
maintain,maintenir
preventing,empêcher
exploitation,exploitation
members,membre
urges,impulsion
laws,Pentateuque
holding,avoir
potential,potentiel
he,HE
comprise,comporter
Portuguese,portugais
writing,composition
omission,omission
endorse,accoter
patchwork,mosaïque
capable,habile
misgivings,appréhension
lies,gésir
remain,demeurer
building,bâtiment
guidelines,directive
recent,Holocène
Efficiency,efficacité
Aid,aide
guidance,avis
While,bien_que
exchanges,échange
personality,caractère
special,extraordinaire
coastguards,garde-côte
south,Sud
part-time,à_temps_partiel
monopolies,monopole
enterprises,effort
propose,conseiller
week,semaine
Germany,Allemagne
perpetrated,commettre
digress,détourner
significant,considérable
glad,glaïeul
enforced,appliquer
encouragement,encouragement
Lloyds,Lloyd
Construction,bâtiment
successful,gagnant
occur,arriver
amendment,amendement
objectives,cible
talking,discours
sight,spectacle
Danish,danois
honour,honneur
remove,élimination
feels,penser
deep,profond
disputes,conflit
using,exploitation
Twenty,vingt
measures,étape
moral,enseignement
irresponsible,irresponsable
I,iode
mankind,homme
Balkan,balkanique
admiration,admiration
catalogue,catalogue
transposed,échanger
heard,entendre
2,1
essentially,basiquement
crime,crime
loud,bruyant
onus,charge
half,demi
orders,ordre
enforcement,exécution
shelves,étagère
chiefly,essentiellement
refocusing,recadrage
Peace,paix
concessions,concession
mainland,continent
surrounding,entourer
cleaning,lavage
enacting,représenter
region,partie
crushed,opprimer
trends,évolution
active,actif
conclusion,conclusion
road,chemin
reads,lecture
embargo,embargo
shellfish,coquillage
Islands,île
clarify,clarifier
user,usager
operates,courir
dear,amour
equation,équation
complying,accomplir
resources,ressource
influence,influence
Greek,grec
surveys,étude
safeguarding,assurer
swim,nager
sunk,descendre
Greens,légumes_verts
Power,force
making,genèse
value,valeur
prefer,aimer_mieux
rights,droit
meaning,importance
Jacob,François_Jacob
beginning,début
established,établir
spells,enchantement
observance,observation
motives,besoin
specialists,spécialiste
scientists,scientifique
extinguishers,extincteur
achieve,aboutir
correspond,correspondre
philosophy,doctrine
available,disponible
compatibility,compatibilité
periodical,journal
Adana,Adana
profitable,profitable
solving,solutionnage
react,réagir
happening,événement
ladies,dame
reliability,fiabilité
lack,absence
Public,monde
attempts,essai
referred,appeler
bottom,bas
political,politique
analysis,analyse
enlarged,agrandir
justification,défense
harmonised,correspondre
even,soir
result,cause
American,Américain
Scientists,scientifique
competent,compétent
working,professionnel
partners,conjoint
Never,jamais
preparation,préparation
eliminated,de
increasingly,de_plus_en_plus
Premier,François_Coli
concentration,concentration
Economic,économique
allayed,apaiser
retained,retenir
circulation,circulation
entrepreneurs,entrepreneur
hours,horloge
spreading,propagation
plants,fabrique
strengthened,fortifier
begun,commencer
focusing,focalisation
promotion,annonce
keeper,conservateur
company,compagnie
legislative,législatif
impeding,empêcher
General,général
airport,aérodrome
possibly,peut-être
slightest,minime
weakening,affaiblissement
inhabitant,habitant
ignorance,ignorance
thematic,thématique
Summit,cime
select,choisir
Also,aussi
trading,commerce
prepare,fixer
amended,amender
informal,informel
Tibet,Localisation
teams,équipe
authorities,gouvernement
prized,aimer
mass,masse
instruction,instruction
distinctions,différenciation
disparities,différence
depopulation,dépopulation
spheres,aire
waste,déchet
mind,cerveau
insufficient,insuffisant
hallmark,marque_commerciale
ownership,propriété
generally,généralement
forms,forme
parallel,analogique
damaged,détériorer
brainpower,cerveau
actually,effectivement
employee,employé
originally,originairement
knowledge,connaissance
obstacle,obstacle
constituents,composant
termed,appeler
Being,être
risks,danger
substantive,substantif
barriers,barrière
spewing,cracher
shame,honte
acknowledged,admettre
classic,classique
money,argent
issues,problème
boom,gronder
clause,clause
link,liaison
shipowner,Compagnie_maritime
proud,altier
Think,penser
generates,engendrer
Safeguarding,assurer
passenger,cavalier
Many,beaucoup
halted,arrestation
improving,améliorer
accumulation,accrétion
battled,bataille
quota,quota
involves,affecter
renewal,réhabilitation
fossil,barbon
effectiveness,efficacité
newly,dernièrement
published,carrer
satisfy,combler
Looking,être
follow-up,suivi
interpretation,interprétation
beauty,beauté
brought,amener
Regulation,disposition
unnecessary,inutile
green,vert
violence,force
competences,adresse
word,mot
testify,attester
fairer,juste
contamination,contamination
pact,accommodement
congratulating,compliment
consumption,consommation
argue,affirmer
stipulated,condition
lays,ballade
overture,ouverture
dollar,dollar
Today,actuellement
Irish,gaélique_irlandais
reactions,réaction
sails,voile
past,passé
eroding,érosion
read,lecture
diminished,abaisser
sentenced,condamner
vessel,vaisseau
over,relais
old,ancien
recommendation,recommandation
irregularities,anormalité
complex,complexe
tar,brai
unfair,injuste
COS,cosinus
problem,problème
quotation,citation
counted,compter
thoughts,idée
Total,agrégat
disturbance,perturbation
earthquake,séisme
modernising,développer
duties,devoir
revenue,recette
master,maestro
effort,essai
marketplace,marché
judges,Juges
adopts,adopter
Sixthly,sexto
efficiently,efficacement
repairing,réparer
retrieve,rattraper
decreased,abaisser
aimed,entraîner
proving,révéler
bird,oiseau
honoured,honneur
incidentally,à_propos
classes,catégorie
addition,addition
concentrate,concentration
enjoy,savourer
disturbances,perturbation
accurate,exact
abused,abus
beach,plage
frameworks,cadre
immoral,immoral
required,demander
sin,péché
calamity,calamité
operation,opération
sought,chercher
division,division
enable,activer
display,concours
surveillance,garde_à_vue
three,10
thinking,cérébration
destructive,destructeur
borders,frontière
strongly,fortement
delays,attendre
enhanced,accroître
contained,comprendre
salute,salutation
zero,néant
reported,apporter
Given,condition
proper,convenable
Well,puits
workers,ouvrier
fertile,fécond
inside,dedans
assert,affirmer
man,homme
stems,base
shipyard,chantier_naval
crude,pétrole
confine,limite
existing,être
urged,encourager
Generalised,généraliser
Rapid,rapide
scrap,bribe
cornerstone,base
simplification,réduction
disclosure,révélation
recommended,préconiser
understand,appréhender
produced,créer
identity,identité
discrimination,discrimination
news,actualité
inhabitants,habitant
Urban,urbain
undermine,contrecarrer
sessions,sessions
movement,mouvement
woodland,bois
Sates,remplir
leader,chef
sensitive,milieu
constructively,positivement
requirement,besoin
scandals,scandale
delivery,importation
yes,oui
nutrition,alimentation
Special,extraordinaire
liaise,allier
hugely,beaucoup
presentation,présentation
killed,tuer
Sea,mer
around,à_peu_près
right,droit
acquisitions,acquisition
debated,débat
current,actuel
hope,espoir
passionately,passionnément
considerable,considérable
data,data
offering,offre
applied,servir
greenhouse,serre
registers,greffe
bears,charge
Tobin,James_Tobin
transportation,transiter
evolved,développer
observe,analyser
investigation,enquête
administrator,administrateur
viewpoint,point_de_vue
machine,machine
May,Lili
reports,étude
undermining,contrecarrer
speak,exprimer
currency,devise
held,maintenir
transcends,dépasser
acquired,acquérir
leap,bond
failing,carence
memorandums,mémorandum
reasonable,raisonnable
aviation,aviation
element,composant
disseminate,diffuser
Christian,chrétien
job,emploi
hitherto,alors
afterwards,après
beneficiary,bénéficiaire
artificial,artificiel
regulate,moduler
monopoly,monopole
stable,écurie
evolving,développer
personnel,force
lawful,légal
court,cour
worded,articuler
Article,article
agricultural,agricole
forum,forum
ready,prêt
enactment,passage
negotiate,négocier
voiced,émettre
suffice,faire
Ombudsman,défenseur_du_citoyen
tells,Guillaume_Tell
dramatised,adopter
centralising,concentrer
vets,vétérinaire
precise,exact
stability,stabilité
principles,principe
highly,admirablement
completes,achever
fishing,pêche
here,ici
died,casser_sa_pipe
respect,aspect
focused,centrer
politics,politique
within,dedans
stands,base
army,armée
threatening,compromettre
emit,émettre
regulation,disposition
misfortune,guigne
Coast,côte
taxpayers,contribuable
deciduous,caduc
play,drame
forever,ad_vitam_aeternam
heavy,lourd
moves,coup
executed,effectuer
issue,problème
visited,rendre_visite
collective,collectif
mechanical,mécanique
jungle,forêt_vierge
York,maison_d'York
recovery,redressement
Turkey,dinde
speeches,adresse
ending,bout
condolences,condoléance
Citizens,citoyen
anticipating,anticiper
enforcing,appliquer
assure,assurer
eroded,éroder
flattened,aplatir
strategy,projet
Market,marché
lived,demeurer
Last,conclusion
twenty-five,vingt-cinq
rapidly,diligemment
disfiguring,défigurer
freed,délivrer
has,ha
briefly,brièvement
furthering,élever
ideal,idéal
January,Gommaire_de_Lierre
External,externe
off,abattre
manage,gérer
deal,commerce
might,force
debt,dette
timetable,calendrier
organisations,administration
classification,assortiment
quickly,diligemment
fit,coup_de_colère
fortunately,heureusement
Interests,intérêt
note,note
firemen,pompier
satisfying,combler
stubbornness,entêtement
customers,au_sens_économique
instructive,éducatif
got,acquérir
object,chose
23,23
principle,principe
began,commencer
foundered,fondateur
raft,radeau
enjoyed,savourer
individuals,être_humain
meaningful,expressif
altogether,cru
integral,intégral
space,espace
public,monde
hoping,désirer
contacts,contact
procurement,achats
prosecutors,procureur
remote,télécommande
memory,mémoire
cries,cri
isolation,désenclavement
wreck,épave
preserving,confirmer
topic,matière
adding,ajouter
efforts,essai
event,événement
extension,délai
suffer,atteindre
aggressive,agressif
fate,destin
Spanish,Avimimus
world,cosmos
reminders,rappel
passing,passage
structure,construction
train,train
satisfactory,satisfaisant
hedge,h
Christmas,Noël
children,bambin
Parliament,assemblée
page,page
written,composer
define,définir
villas,villa
washed,laver
rust,rouille
exists,être
corporations,corporation
transposition,transposition
Quite,assez
customer,au_sens_économique
adheres,adhérer
threats,menace
managed,gérer
emergence,croissance
Freedoms,liberté
dynamic,dynamique
intellectual,intellectuel
exemptions,dérogation
regular,ordinaire
dawn,aube
confines,confins
First,premier
purchasing,achat
Now,maintenant
arrived,arriver
citizen,citoyen
tourism,tourisme
examination,contrôle
cessation,sursis
cross,croix
cause,cause
obstacles,obstacle
discussion,débat
football,ballon
already,déjà
reading,lecture
departments,département
spokespersons,interprète
privilege,avantage
housing,habitat
continually,continuellement
based,baser
hurricanes,ouragan
Consequently,donc
swept,balayer
modification,adaptation
celebrating,accomplir
moreover,de_plus
examples,exemple
weapons,arme
satire,ironie
milestone,borne
priorities,préséance
team,équipe
occasionally,de_temps_en_temps
slice,part
responsibilities,devoir
do,faire
improves,améliorer
means,façon
Please,s'il_te_plaît
shipping,transport
divulge,dire
COD,cabillaud
developed,développer
endeavour,effort
miracle,miracle
GDP,PIB
cities,métropole
think,penser
strongest,fort
IMO,OMI
explore,chercher
group,ensemble
championed,champion
negative,négatif
strikes,grève
obstructing,bloquer
acting,intérimaire
evasions,évasion
definition,définition
push,pression
care,aide
eighth,huitième
e,tocophérol
subsidy,subside
minimising,minimiser
discontinue,arrêter
laughter,rire
state,état
planned,chercher
criticise,critiquer
rating,évaluation
woman,femme
feet,patte
richest,riche
tourist,touriste
maiden,bonne
outcomes,dénouement
counties,comté
storm,orage
detriment,détriment
procedures,procédure
voted,voix
controversy,argument
qualifying,modification
annex,aile
chain,chaîne
demonstrates,exposer
maintained,maintenir
perceived,comprendre
forego,précéder
phasing,phase
abstaining,abstenir
enshrined,ancrer
constructive,constructif
accept,accepter
does,énergie
mess,chaos
loopholes,échappatoire
consonant,consonne
subvert,renverser
adapting,accommoder
skilled,adroit
position,place
exonerated,accomplir
criticising,critiquer
aligned,aligner
electronically,électroniquement
product,marchand
save,économiser
mourning,deuil
address,adresse
purely,strictement
emotional,émotionnel
Some,certain
universities,aristote
Admittedly,certes
Road,chemin
accounting,comptabilité
ones,10
shipment,cargaison
looks,air
proposed,conseiller
strategically,stratégiquement
distributed,dispenser
forced,contraindre
limb,membre
nuisance,embêtement
temperatures,température
wonderfully,admirablement
exclude,englober
Inspections,contrôle
helping,portion
expertise,adresse
thereby,ainsi
aspect,aspect
crucial,considérable
calling,carrière
refuses,ordure
Mediterranean,Mediterranée
controls,commande
pleasure,plaisir
birth,accouchement
horizontal,horizontal
products,marchand
affair,affaire
benefit,aide
entrepreneur,entrepreneur
sailing,navigation
contain,comprendre
species,espèce
percentage,cent
curbed,contenir
continuing,continuer
German,allemand
personal,personnel
solve,cerner
role,fonction
double,double
transition,passage
thus,encens
test,épreuve
Treaties,accommodement
lament,vagir
officer,fonctionnaire
states,état
Frankly,carrément
imposes,exécuter
handful,poignée
pointed,désigner
drafts,brouillon
corpus,corpus
demonstration,démonstration
refugees,réfugié
financed,finance
entity,entité
union,enterprise_union
correct,correct
generously,abondamment
decentralisation,décentralisation
subsequent,prochain
revenues,recette
cover,couverture
home,domicile
meant,avoir_l'intention
hide,cacher
kept,maintenir
demonstrate,exposer
dependent,dépendant
regards,aspect
misery,misère
involved,affecter
intending,avoir_l'intention
bullets,balle
confusion,confusion
creates,créer
Yet,encore
Hicks,cul-terreux
disposal,disposition
strike,grève
serves,service
continent,continent
lovers,amant
sections,partie
directives,directive
legality,légalité
appoint,appeler
notice,avis
reimbursement,remboursement
passes,but-sur-balles
le,Le
difficult,ardu
time,fois
Slovakia,Slovaquie
served,conserver
contravention,contravention
came,approcher
initiate,apprenti
highlighted,attirer
representative,mandataire
Prevention,prévention
educating,éduquer
adhere,adhérer
emergency,crise
ex,ex
mistake,erreur
protected,assurer
presume,présumer
bringing,importation
approved,agréer
Genuine,authentique
core,noyau
embody,incarner
section,partie
lastly,dernier
head,tête
initiative,entreprise
despoiled,pillage
deserve,mérite
agreement,abord
wreak,amener
unknown,inconnu
jurisdictions,juridiction
safeguard,préservation
disgust,dégoût
stipulates,condition
Clearly,clairement
weaken,faillir
greatly,beaucoup
run,courir
Party,parti
feature,caractéristique
led,DEL
fulfils,aboutir
shipments,cargaison
witnessed,assister
Commission,comité
bark,aboyer
resolution,déclaration
fails,dédaigner
Protocol,protocole
heartily,chaleureusement
unified,accoupler
assimilated,absorber
increasing,accroître
suspected,prévoir
elements,abc
attracting,allécher
affect,affect
adoption,abord
recorded,déposer
follows,suivre
penetrates,entrer
anticipated,anticiper
watch,mon
responded,réagir
pictures,icône
six,10
interesting,intéresser
ills,infirmité
acres,terrain
consideration,considération
succeed,arriver
envisaging,contempler
gradually,doucement
There,là
stubborn,têtu
admit,admettre
Despite,dédain
move,coup
climate,climat
Foreign,étranger
pain,douleur
own,avoir
largely,généralement
amendments,amendement
taxable,imposable
undertake,assumer
foundation,bases
60,Lx
happened,arriver
promise,promesse
Small,jeune
stressing,souligner
repairs,réparation
Italian,Élections_au_Sénégal
put,mettre
fruit,fruit
considerations,considération
seminar,séminaire
standards,référence
provide,fournir
density,densité
delicate,fin
But,cependant
possible,possible
conflict,bagarre
stand,base
estimated,estimer
margin,frontière
confidentiality,confidentialité
concerning,appartenir
guilty,coupable
Recently,dernièrement
expecting,anticiper
accustomed,accoutumer
detected,analyser
powers,force
beautiful,beau
hearings,jugement
indicators,index
legalities,légalité
sustained,actualiser
total,agrégat
presidents,président
represent,correspondre
Guatemala,Guatemala
compliance,conformité
dark,obscurité
operating,courir
Forest,bois
duty,devoir
prerequisites,condition
CEO,chief_executive_officer
ensured,assurer
carrying,porter
mission,mission
welfare,aide_sociale
ingredients,ingrédient
April,avril
reopen,réouvrir
situation,situation
instances,cas
biosphere,biosphère
vicinity,environs
divide,diviser
fulfilled,aboutir
placed,mettre
Future,avenir
ports,port
condemned,déplorer
kinds,forme
arguments,argument
Liberal,libéral
aware,conscient
tool,instrument
comprehensible,compréhensible
hindering,empêcher
there,là
dissatisfaction,insatisfaction
Secretary,secrétaire
dominance,dominance
Texas,Fort_Worth
continued,continuer
favour,faveur
twin,jumeau
Paris,Panthéon
telecommunication,télécom
leads,plomb
answer,conséquence
league,conférence
competitiveness,compétitivité
constitutional,constitutionnel
decide,décider
permitted,autoriser
quite,assez
Finnish,finlandais
wanted,désirer
veterinary,vétérinaire
appreciation,admiration
failures,défaillance
Peter,fils_de_Jonas
protracted,prolonger
wondering,se_demander
further,élever
namely,c'est-à-dire
gulf,golfe
ease,simplicité
all,tout
trickery,abracadabra
Caucasus,Caucase
remind,rappeler
repeated,redire
part,élément
discredited,discréditer
Principality,principauté
warning,avertissement
leavers,navire_quittant
farm,exploitation
fifthly,cinquièmement
partial,dérivée_partielle
infancy,enfance
hired,appliquer
shift,déplacement
civilians,civil
hydrocarbons,hydrocarbure
reform,réforme
ingredient,ingrédient
dealt,traiter
Instead,au_lieu_de
17,dix-sept
requiring,demander
de,DE
saving,économie
Director,administrateur
shipwreck,épave
goods,bon
Democrat,démocrate
indeed,certes
given,condition
Between,entre
compared,comparer
restates,redire
assisting,aider
definitely,absolument
Commissioner,commissaire
politician,homme_politique
envy,envie
submitting,compléter
Indian,indien
watershed,diviser
fulfilling,aboutir
capture,confiscation
International,international
indefinitely,indéfiniment
Curiously,curieusement
conclusions,conclusion
recognised,reconnaître
wasted,dissiper
disintegration,décomposition
postponing,différer
matters,affaire
big,grand
undoubtedly,assurément
often,beaucoup
abstract,abstraction
discontinued,arrêter
energy,énergie
Dutch,Hollandais
Fifthly,cinquièmement
peaceful,calme
town,cité
follow,suivre
extremely,admirablement
impressive,épatant
merging,connexion
publishing,édition
concluding,conclure
approached,approcher
needs,besoin
recover,rattraper
inadmissibility,inadmissibilité
bear,charge
cleanliness,propreté
warmer,chauffage
Rule,gouvernement
encouraged,améliorer
documents,document
specifying,condition
smell,flairer
body,corps
case,cas
makes,marque
forgot,oublier
relationship,lien
indispensable,indispensable
two,1
still,encore
motions,geste
adopt,adopter
work,travail
novel,nouveau
withdraw,décéder
Federation,fédération
eight,10
savings,épargne
police,droit
rusting,rouille
Community,communauté
at,astate
benefits,aide
thread,fil
prerequisite,condition
Pakistan,Baloutchistan
envisages,contempler
writer,auteur
suspicions,intuition
monitored,contrôler
Koch,koch
trolley,tram
weakened,faillir
gratitude,gratitude
notices,avis
exposing,exposer
Leader,chef
continuation,continuation
tried,chercher
appreciate,apprécier
issuing,délivrance
motivated,inciter
preservation,conservation
mathematical,mathématique
average,moyen
other,autre
much,beaucoup
mutilation,mutilation
fourthly,quarto
candidly,carrément
disappointing,décevoir
Dublin,Dublin
combat,bataille
protecting,assurer
treason,haute_trahison
acknowledge,admettre
crews,équipage
definite,définitif
factor,facteur
engaged,bénéficier
overtones,partiel
capacity,capacité
earner,salarié
VAT,TVA
subsidiary,inférieur
Funds,fonds
opening,espace
remains,reste
equally,aussi
influencing,influencer
failed,dédaigner
shared,échanger
soldiers,militaire
cutting,montage
expected,anticiper
Tibetans,Tibétain
treat,friandise
Eighteen,dix-huit
underlined,souligner
macroeconomic,macroéconomique
along,le_long_de
lie,gésir
relatively,assez
scrupulous,scrupuleux
Brittany,Bretagne
practices,pratique
ecosystems,écosystème
40,quarante
Liberals,libéral
experiencing,comprendre
Marseilles,Marseille
Amended,amender
exclusion,exclusion
benefited,bénéficier
why,pourquoi
figure,figue
edge,bord
long,aspirer
finishing,fin
scrutinise,examiner
genuinely,réellement
evidence,élément
outside,dehors
telecommunications,télécom
characteristics,caractéristique
categories,catégorie
Atlantic,atlantique
flaw,défaut
experiences,expérience
enhance,accroître
misdemeanours,délit
henceforth,désormais
television,télé
animals,animal
finds,découvert
appropriation,crédit
Kingdom,domaine
little,petit
distance,distance
inspectors,inspecteur
Transport,transport
equal,allumette
Ken,connaissance
ensuing,aboutir
human,être_humain
supervision,supervision
optimum,optimum
class,catégorie
four,10
Commissioners,commissaire
manufacturing,fabrication
agree,être_d'accord
preferred,aimer_mieux
China,Cathay
advise,conseiller
raised,augmenter
coastlines,rive
initiatives,entreprise
exempted,affranchir
advocating,préconiser
compare,comparabilité
associations,association
strengths,force
districts,circonscription
insurance,assurance
marked,étiqueter
committee,comité
tolerate,accomplir
Portugal,Lagos
facility,installation
communities,communauté
fish,poisson
unit,unité
muddle,embrouillamini
named,appeler
Accordingly,donc
cent,cent
founded,établir
consultation,audience
cite,citation
terribly,affreusement
despite,dédain
increase,addition
tunnels,galerie
fifteen,quinze
laid,mettre
recommend,préconiser
never,jamais
Let,filet
filled,remplir
tonnes,tonne
anchored,ancre
youth,homme
holiday,congé
expired,périmer
Wishing,désir
food,aliment
awarding,attribution
Japanese,japonais
almost,pratiquement
sixth,sixième
unemployment,chômage
protagonists,admirateur
Home,domicile
90,nonante
preceded,précéder
release,communiqué
believe,croire
sphere,aire
strong,fort
someone,être_humain
profit,bénéfice
changeover,conversion
certification,certification
summer,été
entering,abord
Indonesia,Indonésie
aspects,aspect
maintaining,maintenir
lowered,abaisser
pertains,appartenir
travelled,aller
suggestion,suggestion
sanitation,assainissement
windfalls,aubaine
armed,arme
suffered,atteindre
envoy,émissaire
oil,huile
High,haut
useless,accessoire
exercising,exercice
perhaps,peut-être
targeted,cible
sufficiently,assez
ambitions,ambition
independent,indépendant
official,cadre
withdrawn,décéder
navigating,naviguer
Canyon,canyon
fixed,réparer
ascertain,déterminer
related,associer
design,conception
island,île
farmers,agriculteur
Quaestors,questeur
economists,economiste
embraced,comprendre
minds,cerveau
string,ficelle
proactive,proactif
van,avant-garde
Peking,Beijing
exception,élision
dangerous,dangereux
Periodic,périodique
formulas,expression
frank,Franc
telephone,téléphone
sometimes,des_fois
maybe,peut-être
losing,paumer
lay,ballade
statistics,la
describe,décrire
need,besoin
materialise,arriver
stresses,accent
ordeal,calvaire
face,face
stay,séjour
includes,comporter
administrations,administration
probable,vraisemblable
yellow,jaune
but,cependant
frankly,carrément
intolerable,insoutenable
Forty,quarante
alleviating,apaiser
Galicia,Galice
Financial,financier
variations,fluctuation
indicates,indiquer
may,Lili
devour,dévorer
evaluated,apprécier
most,maintenant
renewable,renouvelable
reflection,pensée
wildlife,faune
beetle,coléoptères
implications,déduction
Better,meilleur
dissected,disséquer
Black,galeux
indicated,indiquer
envoys,émissaire
unease,inquiétude
forgetting,oublier
learned,acquérir
referring,appeler
fat,graisse
affording,être_en_mesure_de
examinations,contrôle
misuse,abus
regression,arrested_development
countermeasures,contre-mesure
events,événement
sensitivity,sensibilité
staircases,escalier
Tampere,Tampere
works,fabrique
quilt,bouffée
thing,chose
convenience,commodité
granted,accorder
Competition,concurrence
simply,cependant
willingness,gré
thoroughness,ruguosité
wider,ample
specifically,particulièrement
enthusiastically,ardemment
business,entreprise
listen,écouter
creating,créer
regretting,lasser
financially,financièrement
profoundly,profondément
easier,facile
journalist,journaliste
denied,nier
expand,étendre
opportunity,chance
acutely,vivement
FR,eka-césium
agreements,abord
pursue,bénéficier
transport,transport
receiving,avoir
Almost,pratiquement
relief,dégrèvement
heavily,lourdement
distorting,déformer
Netherlands,holland
complain,coup_de_pied
merely,cependant
tabled,différer
primarily,essentiellement
material,matériau
maintenance,entretien
energies,énergie
Democrats,démocrate
meets,face
adult,adulte
deviate,dégénérer
Eve,Ève
Taking,prise
concluded,conclure
kind,forme
sparing,économiser
promised,assurer
justifies,justifier
economic,économique
residues,résidu
introducing,cadeau
minimum,minimum
criterion,référence
waters,waters
financing,financement
Taiwan,Chine
coverage,couverture
gravitate,graviter
document,document
violent,violent
flora,flore
allow,laisser
abuses,abus
equivalent,contre-valeur
Environmental,environnemental
anywhere,n'importe_où
comment,commentaire
presented,exposer
mechanisms,mécanisme
Ireland,État_libre_d'Irlande
prevails,dominer
tomorrow,demain
markets,marché
Hurricane,ouragan
broadest,ample
areas,aire
approve,agréer
Professor,professeur
devote,consacrer
unilaterally,unilatéralement
Secondly,deuxième
frighteningly,dangereusement
nice,Nice
limits,limite
prevention,prévention
tonight,à_soir
reasoning,cogitation
Ankara,Ankara
Drawing,dessin
attribute,attribut
thanks,merci
beyond,au-delà
suspended,suspendre
representing,correspondre
British,Britannique
Lastly,dernier
Environment,environnement
arms,armes
full,pleine_lune
outlined,ébauche
frustrated,contrecarrer
injects,injecter
policies,politique
Time,fois
valid,valable
occasion,occasion
helm,barre
ne,neon
Palace,château
existence,être
obvious,évident
responsibility,devoir
landed,atterrir
blocked,arrêter
meantime,décalage
afternoon,après-midi
volume,contenu
renew,recommencer
treated,traiter
regret,regret
Weapons,arme
weather,intempérie
strange,étrange
thorn,agacement
share,commission
revisit,revisiter
obtain,acquérir
maritime,marin
objection,objection
pity,ruth
commit,commettre
Madeira,Madeira
concrete,béton
course,classe
severely,gravement
reviewed,rédiger
century,siècle
hot,chaud
environment,environnement
reconciliation,rapprochement
persons,être_humain
oyster,huître
fault,erreur
declare,déclarer
publication,publication
vigorously,vigoureusement
practice,pratique
Nos,non
cases,cas
Subject,matière
educated,éduquer
expression,air
previously,antérieurement
insist,insister
characteristic,caractéristique
help,aide
concerns,intérêt
Himalayan,colossal
exemption,dérogation
checks,chèque
Groups,ensemble
Confidence,autorité
agencies,administration_fédérale
reverse,contradictoire
rapid,rapide
delight,joie
observation,observation
releasing,abandonner
inability,incapacité
calculated,calculer
Emphasis,accent
c,degré_Celsius
pure,propre
rescue,sauvetage
consulting,consulter
judgement,arrêt
obliges,contraindre
shifted,changer
characterise,caractériser
staying,demeurer
treaty,accommodement
context,cadre
productive,productif
islands,île
urgently,cruellement
nuclear,atomique
faced,affronter
foot,patte
Country,contrée
feed,aliment
serenity,calme
growing,croissance
prosecuted,poursuivre
reservations,réservation
Poverty,pauvreté
nowadays,présent
liberalisation,libéralisation
tremendously,beaucoup
layers,couche
voices,voix
death,décès
remarks,commentaire
as,arsenic
exposed,exposer
grounds,élément
strengthen,fortifier
citizenship,citoyenneté
Century,siècle
Paper,papier
importance,importance
moving,aller
attempt,essai
failure,défaillance
task,entreprise
regrets,déclinaison
Frustration,défaite
collate,régler
table,table
phenomenon,phénomène
resolve,fermeté
thank,remercier
exploit,effort
stated,affirmer
organising,administrer
ordinary,ordinaire
supporting,appui
consumer,consommateur
report,étude
real,nombre_réel
Asia,Asie
insularity,isolation
prioritise,prioriser
location,lieu
want,manque
carry,œuvre
guaranteed,assurer
Policy,politique
Rules,gouvernement
dumping,dumping
habitats,habitat
popularise,généraliser
slick,glissant
reinforced,armer
employment,chômage
Or,Beaverton
passed,passer
completely,bien
doing,aller
Thirdly,tertio
containers,bac
proportion,proportion
prosper,prospérer
baby,beauté
grateful,reconnaissant
remedy,remède
taken,faire
disparity,différence
emphasise,souligner
explain,expliquer
website,site
authorise,autoriser
modern,moderne
advanced,arriver
private,privé
attacking,assaillir
omissions,omission
dedicate,consacrer
lines,ligne
Energy,énergie
introduced,cadeau
owners,patron
enlighten,édifier
respond,réagir
nature,nature
trillion,millions
invested,injecter
clash,choc
tax,impôt
found,fonder
sincere,sincère
changes,altération
ghost,âme_en_peine
Little,petit
instrument,instrument
in,pouce
considers,considérer
innocent,innocent
substantiates,accoter
Rather,au_lieu_de
identifying,identifier
approves,agréer
ten,décennie
investigations,enquête
budget,budget
heap,masse
temptation,tentation
package,colis
gravely,gravement
degrees,degré
confident,confiant
heed,attention
employees,employé
resulting,aboutir
centre,centre
sake,intéresser
fuels,carburant
attach,attacher
support,aide
technical,technique
mean,dire
call,appel
attend,assister
proposal,propos
installations,installation
Illegal,illégal
considered,considérer
Decision,conclusion
opposed,résister
prices,coût
Loyola,Loyola
measured,mesurer
Journal,journal
mention,mentionner
contributed,ajouter
machinations,intrigue
initially,d'abord
thoughtfulness,pensée
sir,monsieur
applicant,candidat
publicly,au_grand_jour
polluter,pollueur
fought,batailler
sad,sérieux
gallery,galerie
gives,donner
uranium,uranium
expires,périmer
stamping,fouler
receive,avoir
certificate,attestation
aims,but
series,série
modernisation,modernisation
education,éducation
capital,capital
abolished,abolir
islander,îlien
so,sol
monitoring,monitorage
levels,degré
picks,choix
pattern,forme
EDD,docteur_en_éducation
catastrophes,calamité
returned,rendre
forgotten,oublier
standard,référence
express,express
Reading,lecture
analyse,analyser
include,comporter
subjects,matière
touch,toucher
merits,mérite
Fisheries,pêche
violate,casser
confront,affronter
thousand,chiliade
driving,conduite
extraordinary,extraordinaire
gains,addition
criticism,critique
routine,modus_operandi
worsening,détérioration
finance,finance
industry,industrie
unions,enterprise_union
north,North
separates,séparer
talents,cadeau
ask,demander
presence,présence
expressed,exprimer
Swedish,suédois
place,endroit
are,ar
railways,chemin_de_fer
arrival,arrivée
regulated,moduler
definitions,définition
limiting,modification
twenty,vingt
Governor,gouverneur
asked,demander
yield,production
Alternatively,au_lieu_de
tragedies,calamité
flags,étendard
calculating,calculer
sea,mer
pirates,copieur
desk,bureau
tasks,entreprise
inequality,inégalité
character,caractère
expense,dépense
inspected,inspecter
some,certain
seawater,eau_de_mer
key,clé
colleagues,collègue
Azores,Açores
BSE,Christian_Kux
stationed,emploi
bridge,passerelle
diversification,diversification
sympathy,compassion
floor,étage
advent,avènement
coasts,côte
compliments,souhait
lasted,continuer
subsequently,après
feared,craindre
change,altération
association,association
preparations,préparation
noble,noble
EC,CEE
quarters,domicile
contribute,ajouter
Imprisonment,emprisonnement
Perhaps,peut-être
fully,absolument
function,fonction
insufficiently,insuffisamment
Prosecutor,procureur
paint,peinture
petition,demande
parliament,assemblée
domestic,domestique
approximation,approximation
investments,investissement
inspect,inspecter
mistakes,erreur
followed,suivre
Who,ce_qui
added,ajouter
intentions,but
again,à_nouveau
annual,annuel
hands,garde
occurrence,événement
end,bout
exhaustion,abattement
suggests,conseiller
abandon,abandonner
hand,main
harder,ardu
legislation,loi
clearly,clairement
inspector,inspecteur
approvals,agrément
contact,contact
fullest,entier
corporation,corporation
discipline,discipline
embark,bateau
anyway,de_toute_façon
summarise,résumer
favours,faveur
image,image
regional,régional
profile,profil
13,13
probably,apparemment
quality,propriété
free,gratuit
agriculture,agribusiness
receives,avoir
motor,moteur
capacities,capacité
term,terme
row,ligne
congratulates,compliment
forefront,chef
appeal,appel
juncture,occasion
risk,danger
Key,clé
characterisations,caractérisation
subsidiarity,principe_de_subsidiarité
revised,rédiger
Adoption,abord
tenets,doctrine
discussing,débattre
Basically,basiquement
Thank,remercier
hit,coup
delivered,cadeau
stipulate,condition
seen,percevoir
simplifying,réduire
homes,domicile
begins,Menahem_Begin
varied,changer
aids,sida
justified,justifier
question,question
replacing,remplacement
obtaining,acquérir
close,conclusion
lion,lion
disappearing,disparition
hold,embrayage
affects,affect
straitjacket,camisole
Five,10
producing,créer
Venezuela,Venezuela
rationalisation,rationalisation
anonymity,anonymat
Assistance,aide
consolidation,consolidation
consequently,donc
discovered,analyser
bug,insecte
liberal,libéral
coffin,cercueil
utilise,servir
forests,bois
resolutions,déclaration
start,début
Objectives,cible
also,aussi
constructed,assembler
mismanagement,mégestion
temporary,temp
consequences,cause
cure,remède
seriously,gravement
prosecutes,poursuivre
dioxin,dioxine
hasten,presser
breeding,élevage
site,lieu
getting,obtention
conceive,conceptualiser
stories,histoire
aid,aide
recognises,reconnaître
sealing,scellage
multiple,multiple
discussed,débattre
Lama,lama
typically,spécifiquement
gross,144
centralisation,centralisation
29,vingt-neuf
exercised,employer
tragedy,calamité
corresponding,correspondre
penny,centime
newspaper,journal
common,fête
comes,éjaculer
sure,certain
tens,décennie
view,perspective
pollution,pollution
understands,appréhender
seek,chercher
authorised,autoriser
projects,entreprise
widest,ample
finances,fonds
prosperity,prospérité
sawmills,scierie
Yes,oui
governments,gouvernement
System,dispositif
spillage,déversement
shock,choc
Standardisation,normalisation
choose,choisir
Report,étude
excuse,alibi
Trade,commerce
able,comptable
done,aller
Regional,régional
marking,marquage
piece,morceau
prompted,inciter
directive,directive
discontent,mécontentement
naturally,bien_entendu
leading,interligne
rhetoric,rhétorique
evening,soir
25,vingt-cinq
maturity,âge_adulte
executive,cadre
coastguard,garde-côte
grasp,admiration
status,position
adapt,accommoder
destroyed,détruire
process,procédure
illustrated,causer
assurance,autorité
ensures,assurer
hindrances,dissuasif
explanations,compte
flawlessly,adroitement
deficiencies,absence
decently,décemment
night,nuit
paid,acquitter
worker,ouvrier
genuine,authentique
polluters,pollueur
fallen,tomber
agency,administration_fédérale
establishment,constitution
purpose,but
backwards,arrière
enormously,beaucoup
relative,parent
serve,service
zones,région
programme,programme
gained,obtenir
convergence,convergence
Indeed,certes
mistaken,confondre
advocates,avocat
bitter,amer
Greece,Dráma
faring,aller
decades,décennie
Standards,référence
assist,aide
debating,débat
shaken,agiter
backbenchers,député_de_l'arrière-ban
machinery,mach
condition,condition
reveals,apparaître
external,externe
pursuing,bénéficier
allocates,adjuger
commend,agréer
confined,limite
Cox,Cox
concomitant,accompagnement
misunderstand,mal_interpréter
have,avoir
New,autre
desired,désirer
prevent,empêcher
extent,mesure
high,haut
perplexity,embarras
return,déclaration_d'impôt
elicit,déterminer
patience,patience
prosecutor,procureur
Articles,article
basis,base
results,cause
North,North
discrepancy,désaccord
collect,collectionner
implies,connoter
deplore,dénoncer
seventh,septième
ilk,grain
park,jardin_public
calculation,calcul
representations,représentation
dragged,traîner
He,HE
places,endroit
offers,offre
shorter,court
afresh,derechef
Treasury,finance
minister,curé
undermines,contrecarrer
running,courir
direction,chemin
currently,actuellement
friend,ami
tangible,tangible
point,point
ventilators,ventilateur
inadmissible,inadmissible
Socialists,socialiste
looking,être
basic,BASIC
concise,boncis
European,Européen
occurring,arriver
Equal,allumette
penalties,châtiment
partly,en_partie
deletes,effacer
scene,scène
becoming,devenir
operators,gestionnaire
urgency,urgence
wishes,désir
irresponsibility,irresponsabilité
weak,faible
adjustment,accommodation
critics,critique
proposals,propos
be,BE
June,juin
constitutes,constituer
corroborate,accoter
tape,ruban
visions,vision
pylons,pylône
simple,pur
wrong,mauvais
exceptions,élision
speech,adresse
talked,discuter
July,juillet
short,court
Can,boîte
institute,institut
comparable,comparable
uphold,confirmer
6,10
earn,comprendre
additions,addition
approving,agrément
disturbing,déranger
broadly,en_général
deleting,effacer
bath,baignoire
pushes,pression
As,arsenic
original,original
grace,état_de_grâce
signal,signal
wake,lendemain
recently,dernièrement
comply,accomplir
poverty,pauvreté
truly,réellement
fore,arc
jeopardise,compromettre
escape,évasion
stern,poupe
garner,grenier
Presidents,président
farms,exploitation
type,genre
ruined,détruire
Tomorrow,demain
love,amour
assignment,mission
28,vingt-huit
forest,bois
Either,non_plus
problems,problème
euros,euro
selection,choix
circles,cercle
withhold,refuser
blessing,agrément
phase,étape
attendance,office
presidency,administration
identify,identifier
fracture,casser
spring,printemps
geographical,géographique
exclusively,exclusivement
America,Amérique
km,borne
restraints,restriction
organised,administrer
merger,amalgamation
lacks,absence
approximately,à_peu_près
Amsterdam,Amsterdam
March,mars
counter,comptoir
uniformly,uniformément
built,assembler
defined,définir
late,tard
groups,ensemble
set,ensemble
quoted,citer
delayed,arrêter
certainly,absolument
management,administration
arrives,arriver
expectations,attente
doubt,doute
seem,avoir_l’air_de
satisfied,combler
concepts,concept
appeals,appel
colleges,académie
centuries,siècle
fifties,années_1950
advising,conseiller
Lord,créateur
indicative,indicatif
difficulties,difficulté
government,gouvernement
Questions,question
licences,autorisation
revealed,apparaître
Official,cadre
straight,hétérosexuel
influenced,influencer
always,toujours
delivers,cadeau
coordinate,coordination
secure,approvisionner
sensible,raisonnable
construction,bâtiment
Lapland,Laponie
criminalise,hors-la-loi
war,guerre
unification,fusion
spoke,radius
accorded,correspondre
located,placer
travelling,voyage
French,français
guarantee,garantie
depends,dépendre
paradoxically,paradoxalement
individual,être_humain
identification,appellation
hundred,100
hurricane,ouragan
Turkish,turc
indication,indication
pressed,presser
continues,continuer
undertakings,entreprise
institution,établissement
obliged,contraindre
recurrence,récurrence
views,perspective
containing,comprendre
requesting,appeler
systematically,automatiquement
inundated,déluge
sales,débit
EXPLANATIONS,compte
moved,aller
inactivity,inaction
cargoes,cargaison
Shetland,îles_Shetland
emphasises,accent
courageously,audacieusement
linking,associer
review,réévaluation
minute,min
attentively,attentivement
drew,drew
Considering,considérer
offenders,contrevenant
talk,discours
eliminate,de
reasons,cause
chapeau,casquette
guarantees,garantie
relying,avoir_foi
constant,constant
transported,transport
Obviously,apparemment
application,application
known,connaître
hierarchical,hiérarchique
execution,exécution
precisely,exactement
bill,action
publicity,annonce
citing,appeler
cooperation,collaboration
margins,frontière
rejection,refus
subject,matière
resistance,opposition
registration,enregistrement
welcome,bienvenu
content,contenu
sustainability,durabilité
Conference,conférence
hype,surmédiatisation
version,version
ideas,idée
arisen,apparaître
diet,alimentation
inclusion,inclusion
prevented,empêcher
Jackson,Glenda_Jackson
identified,identifier
traffic,trafic
Preferences,goût
norm,norme
Regarding,considérer
eastward,est
expound,développer
reacting,réagir
pick,choix
encourage,améliorer
sincerity,sincérité
slowly,aisément
open,libre
Members,membre
directorate,conseil_d'administration
conservation,conservation
papers,document
innovations,innovation
15,quinze
understood,appréhender
airspace,espace_aérien
made,aller
perspective,perspective
ship,bateau
appropriately,convenablement
converging,convergence
staked,aventurer
pretext,couvert
Decades,décennie
inflict,appliquer
hospitals,hôpital
intends,avoir_l'intention
determined,déterminer
improvement,amélioration
trust,propriété_fiduciaire
Europe,Europe
arm,arme
Having,avoir
stress,accent
auditing,examiner
due,cause
Atomic,atomique
earth,terre
territory,circonscription
hectares,hectare
physical,physique
Carriage,carrosse
elaboration,élaboration
brief,cause
accompanying,accompagner
door,huis
school,école
correctly,correctement
degree,degré
Green,vert
limitations,restriction
pondered,méditer
detecting,détection
upheaval,à-coup
oral,oral
shortage,déficit
production,production
flag,étendard
structures,construction
Agency,administration_fédérale
advantages,avantage
everywhere,partout
obviously,apparemment
Greeks,grec
tightening,durcissement
democratic,démocratique
sense,absurde
response,conséquence
appropriations,crédit
logical,logique
biodiversity,biodiversité
productivity,productivité
implement,instrument
inaugural,inaugural
repair,réparation
attempted,chercher
abnormal,anormal
uncertainty,aléa
federalism,fédéralisme
dealing,traitant
evidenced,assurer
audience,audience
write,composer
asking,demande
adopted,adopter
studied,analyser
witnessing,assister
cost,coût
stakeholders,agent_d'entiercement
haste,hâte
Americans,Américain
flexible,flexible
torture,torture
hole,cavité
doubtless,assurément
Wide,ample
listened,écouter
interpret,analyser
illegal,illégal
redevelopment,rénovation
programmes,programme
offer,offre
harming,détériorer
deemed,assimiler
fear,crainte
inject,injecter
persecution,persécution
bid,commande
Transparency,transparence
setting,scène
ends,bout
downturn,déclin
attractions,attraction
system,dispositif
limit,limite
wave,onde
sector,secteur
million,1000000
wording,libellé
invite,inviter
freedom,liberté
boost,encouragement
pancakes,crêpe
populations,population
forestry,foresterie
waiting,attendre
dimension,dimension
worrying,tourment
mitigate,atténuer
sank,descendre
track,chemin
protocol,protocole
examining,analyser
contrast,contraste
assessing,apprécier
Russia,15_républiques
squash,courge
Agriculture,agribusiness
bureaucracy,bureaucratie
At,astate
seeing,vue
virtually,presque
sign,point
Organisation,administration
irradiation,irradiation
Wednesday,mercredi
an,à
classed,classer
basically,basiquement
engineer,ingénieur
warmly,amicalement
societies,société
former,ancien
prime,nombre_premier
volunteers,bénévole
watered,abreuver
investors,investisseur
overlap,intersection
plus,actif
jointly,conjointement
person,être_humain
prosecution,ministère
viewed,considérer
arrangements,accord
materials,matériau
justify,justifier
legitimacy,légitimation
reality,monde
virtue,vertu
frequently,beaucoup
defects,défaut
chocolate,cacao
left,gauche
interpreted,analyser
rallied,tabasser
certainty,certitude
integrating,déségrégation
raged,orage
heritage,héritage
planning,planification
500,cinq_cents
shipwrecks,épave
supply,approvisionnement
capabilities,aptitude
marshes,marais
lead,plomb
consult,consulter
paying,acquitter
continuous,continu
envisaged,contempler
managing,gérer
perceptible,perceptible
bad,mal
beaches,plage
acceptable,acceptable
threatens,compromettre
exodus,exode
goal,but
values,valeurs
die,dé
draconian,draconien
Sixth,sixième
tested,essayer
profits,bénéfice
Just,juste
account,chronique
millennium,millénaire
choice,choix
border,frontière
obtained,acquérir
breaking,cassure
30,30
strictly,strictement
undertaking,entreprise
exist,être
manufacturers,fabricant
reduced,diminuer
Agreement,abord
thick,gros
compliment,compliment
recouping,reprendre
Mexico,États-Unis_mexicains
regulations,disposition
modify,adapter
effective,effectif
efficiency,efficacité
marks,Marks
swiftly,rapidement
Directorate,conseil_d'administration
thirdly,tertio
unlike,différent
supervised,accompagner
not,ne
frequent,fréquent
game,catch
Austria,Autriche
speculation,conjecture
behaviour,comportement
adequate,adéquat
adapted,accommoder
important,important
exactly,exactement
Equally,aussi
sixties,années_1960
centralised,concentrer
steps,escalier
procession,émanation
Alsace,Alsace
tendency,tendance
reserve,modestie
smooth,lisse
Own,avoir
plant,fabrique
wide,ample
dedicating,consacrer
directly,direct
Federalism,fédéralisme
aeroplane,aéroplane
conjunction,coïncidence
just,juste
manner,façon
vary,changer
seabirds,oiseau_de_mer
latter,ce_dernier
walk,marche
ratings,évaluation
confidence,autorité
deeply,profondément
matter,affaire
tolerable,tolérable
board,conseil
synergies,synergie
accordance,accord
disasters,catastrophe
transcend,dépasser
Lutherans,luthérien
An,à
office,bureau
packages,colis
Exemptions,dérogation
community,communauté
store,boutique
supported,soutenir
causing,causation
seeking,quête
analyses,analyse
functions,fonction
provides,fournir
water,eau
either,non_plus
boat,bateau
courts,cour
consequence,cause
defence,défense
bridges,Bridges
crop,culture
irreparably,irrémédiablement
idiot,abruti
statute,loi
coupled,allumette
became,devenir
draft,brouillon
win,gagnant
billion,bill
agenda,calendrier
agents,agent
Before,antérieurement
transitional,provisoire
abstentions,abstention
repeatedly,constamment
exercise,exercice
argues,affirmer
closure,fermeture
session,séance
thousands,chiliade
performances,exécution
monitors,moniteur
obligatory,obligatoire
ecological,écologique
intensive,intensif
facts,fait
philosophical,philosophique
interfere,entraver
then,alors
hence,ainsi
publish,carrer
communicate,communiquer
code,code
Are,ar
nights,nuit
investor,investisseur
shipyards,chantier_naval
50,cinquante
Particular,particulier
incomes,revenu
challenged,contredire
Society,société
regard,aspect
refers,appeler
noticed,analyser
contracts,contracter
introduction,accès
individually,distinctement
incoming,entrée
crew,équipage
registering,enregistrer
similar,analogue
Officials,cadre
respected,apprécier
Bulgaria,Bulgarie
Scientific,scientifique
suspicion,intuition
contaminants,contamination
medium,medium
Justice,justice
Breton,breton
front,avant
onwards,en_avant
conducted,mener
interventions,intervention
Switzerland,Confédération_suisse
true,vrai
secondly,deuxième
considering,considérer
who,ce_qui
comprehend,appréhender
complaint,infirmité
Geneva,canton
fashion,façon
recession,récession
nation,contrée
recognition,reconnaissance
years,âge
infrastructure,infrastructure
shopping,chalandage
repeat,dire
deterrent,dissuasif
reflects,correspondre
11,ksi
governing,administration
People,gens
networks,réseau
addresses,adresse
nothing,néant
briefing,réunion_préparatoire
involve,affecter
Concentrating,axer
honestly,carrément
muss,chaos
confirms,accoter
administrative,administratif
incorporate,incorporer
falling,tomber
transplanted,passer
administration,administration
determine,déterminer
fishermen,pêcheur
centres,centre
appears,avoir_l’air_de
dragging,traîner
reconstruction,la_Reconstruction
enquiries,question
Russian,russe
possibilities,éventualité
buckets,bac
Thus,encens
utter,exprimer
performance,exécution
incidences,incidence
throwing,jeter
postponed,différer
Why,pourquoi
pool,pool
approach,accès
commitment,engagement
ranging,courir
stressed,souligner
Firstly,d'abord
acknowledges,admettre
perpetrators,auteur
decides,décider
standardised,harmoniser
stage,étape
Guidance,avis
farmer,agriculteur
internationally,internationalement
disbursement,dépense
Firms,entreprise
tanks,char_de_combat
radical,groupe
preclude,empêcher
deployment,déploiement
accomplished,aboutir
realise,comprendre
establishing,établir
sorely,cruellement
indirectly,indirectement
extended,creuser
advantage,avantage
observed,analyser
imply,connoter
harbours,abriter
cargo,cargaison
guideline,directive
b,bacille
round,cycle
gases,gaz
Bush,arbrisseau
etc.,et_ainsi_de_suite
equitable,équitable
devoted,consacrer
safe,coffre-fort
employed,servir
Casablanca,Casablanca
whispering,chuchoter
raise,augmentation
dismantling,démantèlement
promises,promesse
discerning,adopter
approval,agrément
clauses,clause
collaboration,collaboration
rapporteur,rapporteur
Brandenburg,Brandebourg
superficial,superficiel
moor,Maure
earthquakes,séisme
line,ligne
municipalities,cité
frequency,fréquence
imbalances,déséquilibre
articles,article
coup,coup
Communities,communauté
proclaim,proclamer
primitive,primitif
nevertheless,cependant
reducing,réduction
peninsula,péninsule
weakest,faible
refuse,ordure
evenings,soir
officials,cadre
cold,froid
fighting,bataille
simplified,réduire
succeeded,arriver
crises,crise
interference,ingérence
Oil,huile
apparatus,appareil
helmets,casque
solutions,solution
funding,appui
requested,appeler
third,tierce
lovely,covergirl
notify,conseiller
nominees,candidat
category,catégorie
outs,attention
happiness,bonheur
us,Amérique
proposes,conseiller
compromising,compromis
research,recherche
Employment,chômage
tradition,tradition
lose,paumer
study,étude
finish,fin
pursues,bénéficier
few,peu
hear,entendre
implementing,appliquer
tankers,navire-citerne
forces,force
eye,il
priority,préséance
firstly,d'abord
Nothing,néant
commerce,commerce
noon,midi
spokesperson,interprète
completion,achèvement
modules,faculté
judiciary,banc
NATO,Organisation_du_traité_de_l'Atlantique_Nord
businesses,entreprise
acts,Actes_des_Apôtres
shield,bouclier
mammoth,mammouth
dropped,causer
early,antérieur
puzzled,abasourdir
upheld,confirmer
Alexander,Alexandre
whole,ensemble
endeavours,effort
inadequacies,carence
resorted,recourir
strictness,sévérité
safety,sécurité
requests,demande
acceptance,acceptation
general,général
issued,éditer
predecessor,précédent
proposing,conseiller
sound,son
Supporting,appui
endure,accomplir
pipeline,bouche_à_oreille
realising,comprendre
accommodated,adapter
harmed,détériorer
touches,toucher
complement,complémentarité
unacceptably,inacceptablement
Government,gouvernement
Sometimes,des_fois
book,livre
Internal,intérieur
arrangement,accord
applying,servir
commercial,commercial
trees,arbre
diplomatic,diplomatique
look,air
enlargement,accroissement
anonymously,anonymement
Strasbourg,Strasbourg
wait,attendre
professions,communauté
obliging,contraindre
Cyprus,Chypre
thrive,bôme
things,affaire
President,président
clarifications,clarification
guiding,conduire
attracted,allécher
concern,intérêt
women,femme
daily,jour
fellow,gars
empty,vide
rigorously,proprement
anathema,anathème
flexibility,flexibilité
voluntary,bénévole
action,action
apply,servir
awaited,attendre
forcefully,énergiquement
item,élément
cake,bar
opt,choisir
reproduce,reproduire
Chairman,président
frost,gel
customs,coutume
managerial,managérial
south-east,sud-est
room,local
will,testament
connected,attacher
tend,avoir_tendance_à
merchant,commerçant
inevitably,absolument
Mrs,Mme
Men,actif
desire,désir
five,10
rebuild,reconstruire
looked,regarder
compromises,compromis
underpins,appuyer
plainly,apparemment
pleased,s'il_te_plaît
combatant,bagarreur
gears,engrenage
resource,ressource
inform,informer
bank,banque
Olympic,olympique
persuades,convaincre
succession,séquence
Health,bien-être
compensate,compenser
supervise,accompagner
historical,historique
Ships,bateau
resumed,recommencer
Delegation,commission
credit,crédit
speakers,haut-parleur
obligations,devoir
December,décembre
4,10
displaying,afficher
transporting,transport
shoulder,épaule
Consumers,consommateur
Take,commission
tiger,tigre
craft,commerce
crash,choc
timber,bois
grass,herbe
pressure,pression
initiation,induction
wants,manque
decisively,résolument
Procedure,procédure
sailors,marin
analysed,analyser
instigating,agacer
Dam,barrage
Criminal,criminel
ceasing,arrêter
cabling,câble
shipowners,Compagnie_maritime
small,jeune
differentiating,différencier
Tuesday,mardi
weakness,carence
Legal,légal
needed,demander
vessels,vaisseau
shape,forme
contradiction,contradiction
associated,associer
disagreed,différencier
carries,œuvre
10,décennie
standardising,harmoniser
coming,accès
essential,besoin
evolve,développer
changed,changer
compensated,compenser
sides,côté
commissioning,commission
tanker,navire-citerne
pillars,pilier
Kosovo,Cossovo
dynamics,cinétique
mixed,combiner
name,dénomination
12,12
rests,équilibre
relating,associer
reforestation,reboisement
Is,être
financial,financier
hat,casquette
terminating,finir
down,duvet
Post,emploi
Empress,impératrice
crossed,parcourir
transparency,transparence
differing,différer
enumeration,énumération
black,galeux
launched,établir
chairman,président
anchor,ancre
called,appeler
fine-tuned,polir
lesson,leçon
junkies,accro
considerably,amplement
Nuclear,atomique
protect,assurer
EU,Eu
harmonising,correspondre
firm,entreprise
specifics,particulier
disbursed,débourser
threat,menace
contains,comprendre
speaks,exprimer
WTO,OMC
interaction,interaction
leaving,départ
utilising,servir
erode,éroder
infrastructures,infrastructure
concerned,appartenir
restrictions,restriction
rush,hâte
fora,forum
authorisation,autorisation
Malta,Malte
low,bas
requisite,besoin
extending,creuser
beneficiaries,bénéficiaire
framework,cadre
alternative,alternative
questions,question
sister,infirmière
Furthermore,de_plus
wind,vent
life,existence
registered,enregistrer
disadvantage,désavantage
marine,Marine
debate,argument
fabric,chiffon
assessments,estimation
Puritan,puritain
challenging,contredire
willing,volition
All,tout
ratify,infirmer
types,genre
shareholders,actionnaire
wrought,faire
asks,demander
Monday,lundi
entire,étalon
attached,attacher
widely,amplement
tighten,attacher
reformed,réforme
causes,cause
contents,contenu
observations,observation
was,wa
organise,administrer
assuring,assurer
hears,entendre
recourse,aide
intended,avoir_l'intention
policy,politique
price,coût
Tom,chat
wish,désir
air,air
accession,accroissement
damaging,détériorer
method,méthode
investment,investissement
vertical,vertical
respectfully,respectueusement
incident,incident
managers,administrateur
layoffs,dégraissage
Protection,protection
effecting,effectuer
learns,acquérir
incidents,incident
tackling,entreprendre
culture,civilisation
Paul,Alice_Paul
enrichment,enrichissement
transit,théodolite
highlights,évidence
safest,coffre-fort
cubic,cube
meeting,abord
drains,assèchement
network,réseau
wealth,fortune
negotiations,dialogue
Canada,Canada
19,19
sovereignty,souveraineté
strategic,stratégique
slow,décélérer
restrict,abréger
Budapest,budapest
expansion,accroissement
visitors,visiteur
endeavouring,efforcer
drivers,chauffeur
description,description
controversial,controversé
liability,passif
representatives,mandataire
UK,Britain
roughly,à_peu_près
surrendering,abandonner
deprived,priver
triumphed,dominer
suggest,conseiller
deeper,profond
Year,an
angles,angle
heart,cœur
havoc,bagarre
irregularity,anormalité
fourth,quart
beef,bœuf
implementation,application
updated,actualiser
contribution,action
lending,emprunt
membership,rang
let,filet
concept,concept
crashes,choc
practically,presque
aided,aider
guardian,défenseur
pleasant,agréable
oppose,résister
prohibition,défense
confirmed,accoter
month,mois
thanking,remercier
parties,parti
source,début
calculations,calcul
satisfaction,contentement
dream,rêve
Tibetan,Tibétain
catholic,catholique
coherent,logique
accidents,accident
unfortunately,fâcheusement
openly,ouvertement
stop,arrêt
inhaled,aspirer
varies,changer
history,histoire
cohesion,cohérence
rationally,rationnellement
awareness,connaissance
many,beaucoup
accords,accord
Aiming,entraîner
harbour,abriter
avoid,éviter
permission,autorisation
pointing,désigner
dared,oser
honourable,honorable
Countries,contrée
ammunition,balle
systematic,systématique
employers,employeur
disputing,contredire
gesture,geste
Stream,courant
crux,Croix_du_Sud
unequal,inégal
economics,économie
helped,aider
subsidies,subside
rely,avoir_foi
relationships,lien
use,coutume
offset,début
between,entre
expeditiously,efficacement
attaining,aboutir
families,famille
worries,ennui
unequivocally,clairement
texts,texte
insecurity,Fear
destruction,destruction
recruitment,recrutement
now,maintenant
accused,accusé
repercussions,conséquence
mentioned,appeler
fuel,carburant
told,affirmer
require,demander
Steel,acier
prosecute,poursuivre
conferences,conférence
owing,devoir
entered,entrer
regime,gouvernement
praise,cantique
decentralised,décentraliser
September,Sept
beings,être
inquiries,enquête
Ultimately,à_la_fin
pulled,tirer
solution,solution
checking,vérifier
infected,infecter
linked,associer
prepared,fixer
widen,élargir
annually,annuel
enabled,activer
affirming,accoter
localised,endroit
preaching,discours
schemes,projet
reluctantly,contrecœur
throw,jet
presenting,exposer
misappropriation,détournement
refer,appeler
form,forme
infringement,infraction
negotiating,négocier
lambs,agneau
assassinated,assassiner
Essentially,basiquement
income,revenu
Therefore,ainsi
opinions,avis
unable,incapable
stretched,étendre
Guide,guide
eligible,éligible
coordination,coordination
White,Blanc
seemed,avoir_l’air_de
better,meilleur
begin,Menahem_Begin
combating,bataille
outlining,ébauche
weaknesses,carence
Sweden,le_Royaume_de_Suède
giving,cadeau
emerged,donner
surely,absolument
act,acte
reforms,réforme
by,auparavant
wit,humeur
congratulate,compliment
Republic,communauté
Appointment,désignation
violations,délit
accompanied,accompagner
taxpayer,contribuable
III,10
distinguished,différencier
worse,pire
car,auto
behalf,soutien
relations,rapport
neglecting,dédaigner
demographic,démographique
Nations,contrée
abandoned,abandonner
involvement,accordailles
closely,étroitement
spaces,espace
Fourthly,quarto
equilibrium,équilibre
exacerbated,empirer
grade,classe
statement,déclaration
enough,assez
abide,accomplir
countries,contrée
extend,creuser
presently,bientôt
outcome,dénouement
diversity,diversité
resulted,aboutir
protocols,protocole
living,existence
disaster,catastrophe
sectors,secteur
usual,général
detailed,approfondir
demanded,demander
particularly,exceptionnellement
Networks,réseau
different,différent
sterile,infécond
matched,correspondre
shares,commission
development,développement
shows,démonstration
concludes,conclure
commonplace,banalisation
determining,déterminer
impatient,impatient
independence,indépendance
thinks,penser
importantly,significativement
enterprise,effort
threshold,seuil
recommendations,recommandation
evidently,apparemment
fraud,escroquerie
count,compte
automatically,automatiquement
reversing,devenir
stripped,priver
socially,socialement
voting,élire
endlessly,infiniment
predict,prédire
impossible,impossible
harshly,durement
focus,focalisation
sleeves,arme
memories,mémoire
additives,additif
science,science
packaging,emballage
number,nombre
stifle,genou
weight,poids
Socialist,socialiste
countryside,campagne
loaded,charger
partnerships,collaboration
mayors,bourgmestre
conclude,conclure
model,cadre
belatedly,tard
ABB,ABB
plane,aéroplane
permanent,permanent
globally,globalement
services,armée
revolution,révolution
alleviate,apaiser
zone,région
conferred,conférer
offshoots,branche
nine,10
internal,intérieur
imagine,contempler
actual,actuel
conceal,cacher
24,vingt-quatre
consolidate,consolider
matches,allumette
happen,arriver
notification,notification
Presidency,administration
net,cyberespace
Development,développement
votes,élire
appointment,désignation
jurisdiction,juridiction
social,sociable
copy,copie
affected,affecter
Forestry,foresterie
dramatic,dramatique
announced,annoncer
proves,professeur
good,bon
tide,marée
purposes,but
reputation,honorabilité
service,service
angry,en_colère
contaminated,contaminer
hundreds,100
particular,particulier
staff,personnel
safer,coffre-fort
consider,considérer
unnecessarily,inutilement
offices,bureau
candidate,candidat
impacts,impact
Midlands,Midland
Within,dedans
spends,occuper
efficient,compétent
flies,flies
learn,acquérir
Valdez,Valdez
supplements,addendum
list,liste
defendant,défendeur
locating,emplacement
spending,déboursement
ruled,administrer
banks,banks
deadline,date
environmentally,écologiquement
spend,occuper
ad,annonce
warned,alerter
salt,sel
utterly,absolument
survey,étude
blow,coup
urban,urbain
pass,but-sur-balles
catastrophe,calamité
attain,aboutir
Objective,cible
signs,point
cuts,trancher
pillory,giroflées
undertook,assumer
credibility,crédibilité
foreign,étranger
implements,instrument
sorrow,chagrin
spread,propagation
records,enregistrement
cycles,cycle
forty,quarante
simplify,réduire
option,choix
allowing,laisser
commented,apercevoir
TV,télé
remarked,apercevoir
started,commencer
differ,différer
young,jeune
grow,devenir
determinedly,immuablement
barely,à_peine
Corpus,corpus
escaped,échapper
compassion,compassion
deem,assimiler
overriding,renverser
informed,informer
occurred,arriver
Left,gauche
deadlock,arrêt
economies,activité_économique
gift,cadeau
effectively,activement
regretted,lasser
utilisation,coutume
demanding,demander
however,cependant
trying,chercher
Directive,directive
galvanise,abasourdir
commendation,approbation
cut,trancher
hearing,jugement
bombs,bombardement
consistently,automatiquement
seventeen,dix-sept
nonetheless,cependant
clarification,clarification
plan,plan
essence,centre
comfort,confort
makeup,fard
shown,exposer
training,éducation
dismantled,abattre
disregarding,bouder
refusal,abjuration
holidaymakers,touriste
Over,relais
live,demeurer
allotted,allouer
competitive,compétitif
Finland,Finlande
entrepreneurial,entrepreneurial
send,envoyer
Decisions,conclusion
reduce,diminuer
decisions,conclusion
same,same
accedes,admettre
created,créer
sack,sac
entry,accès
intrinsically,en_soi
half-hour,demi-heure
20,vingt
dossiers,dossier
central,autocommutateur
factors,facteur
rose,rosier
complete,achever
judge,juge
launch,lancement
couple,couple
specialist,spécialiste
reservation,réservation
reforming,réforme
exchange,échange
gathering,rassemblement
logging,bucheronnage
climates,climat
Right,droit
devastated,dévaster
squeezed,courge
carefully,attentivement
improvements,amélioration
Here,ici
suggesting,conseiller
remember,penser
Not,ne
dossier,dossier
safeguards,préservation
greeting,salut
international,international
snowballing,boule_de_neige
drawing,dessin
marginalised,marginaliser
acquitted,accomplir
penalty,châtiment
files,fichier
used,servir
missions,mission
elsewhere,ailleurs
creation,création
lorries,camion
witness,informateur
represented,correspondre
taught,apprendre
urge,impulsion
remained,demeurer
balance,équilibre
usefulness,utilité
prize,prix
refuge,refuge
had,avoir
robust,robuste
utmost,extrême
scheme,projet
Madam,dame
Forms,forme
ruling,arrêt
rid,éliminer
improved,améliorer
overturned,renverser
light,lumière
perfectly,absolument
takes,commission
advisers,conseiller
afford,être_en_mesure_de
serious,grave
jeopardy,danger
reinstatement,rétablissement
theme,matière
objective,cible
wrote,composer
composed,composer
legislate,donner
random,aléatoire
defines,définir
solidarity,solidarité
reason,cause
seldom,rarement
larvae,larve
broad,général
solely,exclusivement
freeze,congélation
inadequate,inadéquat
Lending,emprunt
boundaries,frontière
mild,doux
become,devenir
literacy,alphabétisation
inequalities,inégalité
rather,au_lieu_de
5,10
did,aller
marginalisation,exclusion_sociale
storage,stockage
assurances,autorité
manufacturer,fabricant
imprisons,emprisonner
keep,gagne-pain
intervals,intervalle
explanation,compte
investigate,enquêter
victims,victime
institutions,établissement
authors,auteur
experienced,comprendre
am,am
Kyoto,Kyoto
organisation,administration
relativises,relativiser
port,port
equipment,équipement
Bravery,abattage
points,point
goes,aller
uniform,uniforme
opinion,avis
Structural,structurel
vigilance,vigilance
Central,autocommutateur
exile,bannissement
Stockholm,Stockholm
nearly,pratiquement
However,cependant
said,affirmer
months,mois
Yugoslavia,Serbie-et-Monténégro
removing,enlever
too,abusivement
explicit,clair
spiralling,spirale
commenting,apercevoir
opposite,antonyme
skills,accomplissement
requires,demander
notifications,notification
fire,feu
appraisal,estimation
autobiography,autobiographie
shocked,abasourdir
prey,butoir
reaction,réaction
belief,conviction
self-seeking,opportunisme
sum,montant
College,académie
developing,développement
register,greffe
remaining,demeurer
dissolved,dissoudre
assessment,estimation
facilitate,faciliter
transferred,transférer
Industry,industrie
Basque,basque
overstate,agrandir
is,être
e-mail,courriel
Europeans,Européen
slim,mince
Recommendations,recommandation
majority,majorité
requirements,besoin
faith,foi
date,date
supposedly,censément
prohibited,interdire
qualifications,qualification
Japan,Archipel_japonais
probability,probabilité
capitalisation,capitalisation
achieving,aboutir
hard,ardu
exceptionally,exceptionnellement
crimes,crime
explained,expliquer
theory,théorie
ascertaining,déterminer
adjourned,fermer
ability,aptitude
embroiled,balayer
competently,compétence
argued,affirmer
farming,agriculture
PT,platine
according,correspondre
fundamentally,basiquement
harm,blessure
constraint,contrainte
examine,analyser
story,histoire
avenue,avenue
hampered,crampe
cornerstones,base
hypocrisy,hypocrisie
actively,activement
territories,circonscription
disregarded,bouder
loading,charge
second,s
professional,professionnel
procedure,procédure
redundancies,redondance
communication,communication
floods,déluge
initiated,commencer
effects,bien_personnel
preparing,fixer
avalanches,avalanche
manoeuvre,manœuvre
players,joueur
ins,INS
flexibly,flexiblement
West,nord-ouest
expects,anticiper
wood,bois
Task,entreprise
Treaty,accommodement
period,durée
perceive,comprendre
Has,ha
highest,élevé
scarcely,à_peine
acceding,admettre
confirm,accoter
denounces,dénoncer
entailing,comporter
roads,rade
stock,action
agent,agent
nationally,nationalement
party,parti
Norway,Haram
raises,augmentation
spoken,exprimer
agreed,être_d'accord
normally,banalement
motion,geste
rule,gouvernement
belong,appartenir
discover,analyser
seas,mer
resolutely,résolument
criticised,critiquer
scoreboard,panel
geared,adapter
developments,développement
operated,courir
speed,allure
attended,assister
area,aire
exponential,exponentiel
defending,aider
back,dos
components,composant
modernise,développer
Memorandum,mémorandum
ewes,Ernest_Gagnon
signed,abonner
formulated,développer
delimitation,frontière
leave,congé
province,état
acted,agir
rightly,bien
October,octobre
press,oppression
pay,gaine
highlight,évidence
origin,début
interested,intéresser
assisted,aider
Annual,annuel
Thursday,czwartek
technically,techniquement
specify,condition
vested,attribuer
offences,attaque
cat,chat
fall,automne
providing,fournir
participation,accordailles
favourites,favori
loophole,échappatoire
endangering,compromettre
conduct,comportement
constitute,constituer
see,voir
men,actif
insensitive,insensible
immediately,aussitôt
Romanian,Roumain
borne,ours
plain,champ
II,1
syndrome,syndrome
banning,banning
Code,code
Region,partie
adequately,adéquatement
advisors,conseiller
shocking,abasourdir
prolonged,prolonger
paradox,antinomie
Beyond,au-delà
Heads,tête
accountability,correspondance
becomes,devenir
order,ordre
born,born
intend,avoir_l'intention
affecting,affecter
seems,avoir_l’air_de
suggested,conseiller
incentive,incitation
Ministers,curé
Birds,oiseau
understanding,abord
Matters,affaire
English,anglais
woefully,lamentablement
sadly,malheureusement
legitimate,légaliser
separate,séparer
desperately,cruellement
ceiling,plafond
equality,égalité
Act,acte
Palermo,Palerme
opportune,opportun
furthermore,de_plus
Calls,appel
acquire,acquérir
partnership,collaboration
lot,amas
experts,expert
fisheries,pêche
can,boîte
attack,assaut
masses,foule
treaties,accommodement
criminal,criminel
suggestions,suggestion
typologies,typologie
chairmen,président
boats,bateau
histories,histoire
Tower,tour
